source,title,model,summary,readability_fre,risk_flags,human_review
BBC,"Single vaccine could protect against all coughs, colds and flus, researchers say",Phi-3.5 Mini,"Researchers at Stanford University have developed a nasal spray vaccine that could potentially protect against all respiratory infections, including coughs, colds, flus, bacterial lung infections, and even allergies. This ""universal vaccine"" represents a significant shift from traditional vaccines, which target specific infections. The vaccine works by mimicking immune cell communication, keeping macrophages on high alert in the lungs, potentially reducing viral and bacterial penetration by up to 1,000-fold. Early animal trials suggest a three-month duration of effectiveness, with additional benefits against allergens. The research, though in early stages, has garnered excitement for its potential to revolutionize respiratory infection protection. However, questions remain regarding its application in humans, including delivery methods, duration of immune response, and safety, with plans for human trials involving deliberate infection to assess immune reaction. The researchers envision a complementary role for this vaccine, possibly as a seasonal spray to provide broad immunity against common respir",5.81,None,Yes
BBC,Hospital warns visitors about rising norovirus cases,Phi-3.5 Mini,"West Suffolk Hospital in Bury St Edmunds has closed Ward F9 due to a rise in norovirus cases, urging visitors to avoid the hospital if they've recently experienced symptoms like vomiting or diarrhea. The hospital has intensified cleaning and advises those with symptoms to seek alternative care, while emphasizing the importance of hand hygiene to prevent the spread of norovirus, which can be transmitted through contact with infected individuals or surfaces. The NHS Suffolk and North East Essex Integrated Care Board highlights the virus's incubation period and recommends staying home and practicing good handwashing to reduce transmission.",23.13,"Potential overconfident medical claim, Too short (<120 words)",Yes
Harvard Health,Eating diverse flavonoid foods may provide extra health protection,Phi-3.5 Mini,"A study highlights the health benefits of consuming a diverse array of flavonoid-rich foods, which are compounds that give plants their vibrant colors. Participants with the highest intake variety of these foods, averaging seven types per day, experienced a 20% reduced risk of diabetes, a 10% reduced risk of cardiovascular disease, and an 8% lower risk of cancer compared to those with the lowest variety. The research suggests that a broad range of flavonoids, exceeding the 6,000 types found in plants, provides comprehensive health protection, with benefits such as improved blood pressure, lower cholesterol, and reduced inflammation. Other studies indicate that consuming at least 500 milligrams of flavonoids daily, achievable through a combination of fruits, vegetables, and tea, is associated with health benefits.",30.5,None,Yes
Harvard Health,What is long QT syndrome?,Phi-3.5 Mini,"Long QT syndrome (LQTS) is a condition where the heart's muscle cells take longer than normal to recharge between beats due to malfunctioning pores or electrolyte imbalances, potentially leading to erratic heartbeats, shortness of breath, fainting, and sudden death. While most individuals with LQTS do not exhibit symptoms, certain medications, including some for heart disease, diabetes, depression, and allergies, can induce the condition. Women on antibiotics and antipsychotics are at higher risk. Genetic factors play a significant role, with three genes accounting for most inherited cases. Diagnosis often occurs incidentally through ECG tests or by evaluating medical and family history, particularly in individuals with a history of fainting triggered by physical exertion or loud noises. Drug-induced LQTS typically resolves after discontinuing the causative medication.",19.39,"Missing numbers, Missing named entities",Yes
News-Medical,"Smarter timing of cancer treatments could improve cure rates, study suggests",Phi-3.5 Mini,"A study led by Dr. Robert Noble suggests that the timing of cancer treatments could be optimized by applying evolutionary theory, potentially improving cure rates. The research indicates that switching to a second treatment while the tumor remains responsive to the first could prevent the emergence of resistant cancer cells. This strategy, tested through mathematical models adapted from evolutionary biology, has shown promise in small clinical trials for various cancers. The findings suggest that a sequence of multiple treatments, rather than just two, may be more effective in eliminating larger tumors. Further experimental and clinical trials are planned to validate the approach.",31.16,"Missing numbers, Too short (<120 words)",Yes
BBC,"Single vaccine could protect against all coughs, colds and flus, researchers say",Apple OpenELM-3B,"A single nasal spray vaccine could protect against all coughs, colds and flus, as well as bacterial lung infections, and may even ease allergies, say US researchers. The team at Stanford University have tested their ""universal vaccine"" in animals and still need to do human clinical trials. Their approach marks a ""radical departure"" from the way vaccines have been designed for more than 200 years, they say. Experts in the field said the study was ""really exciting"" despite being at an early stage and could be a ""major step forward"". Current vaccines train the body to fight one single infection. A measles vaccine protects against only measles and a chickenpox vaccine protects against only chickenpox. This is how immunisation has worked since Edward Jenner pioneered vaccines in the late 18th Century. The approach described in the journal Science does not train the immune system. Instead it mimics the way immune cells communicate with each other. It is given as a nasal spray and leaves white blood cells",57.67,None,No
BBC,Hospital warns visitors about rising norovirus cases,Apple OpenELM-3B,"A hospital ward has been closed and people have been urged to avoid visiting if they have recently had a bug after a rise in norovirus cases. Managers at West Suffolk Hospital in Bury St Edmunds have shut Ward F9 to new admissions and stepped up cleaning regimes across the site to prevent the spread of winter illnesses, including norovirus. They said they had seen more cases of norovirus, also known as the winter vomiting bug, at the hospital. Visitors have been advised not to go to the hospital if they have vomited or had diarrhoea, a high temperature, or a persistent dry cough in the last 48 hours. Patients have been asked to consider whether they could use NHS 111 or visit their GP or pharmacist. However, the hospital added that anyone needing emergency treatment should continue to go there. Staff at the NHS Suffolk and North East Essex Integrated Care Board (ICB), which plans and purchases local healthcare services, have also issued advice about the virus as it can rapidly spread. Lisa Nobes, the ICB's nursing director",55.57,None,No
Harvard Health,Eating diverse flavonoid foods may provide extra health protection,Apple OpenELM-3B,"Eating a diverse range of flavonoid-rich foods, such as tea, blueberries, strawberries, oranges, apples, grapes, plums, red cabbage, red wine, and dark chocolate, may offer greater health benefits than getting flavonoids from a few sources. Foods rich in flavonoids include tea, blueberries, strawberries, oranges, apples, grapes, plums, red cabbage, red wine, and dark chocolate. For the study, researchers tracked the eating habits of approximately 125,000 people ages 40 to 70 for more than a decade. People with the highest diversity of flavonoid-rich foods in their diet showed a 20% lower risk of diabetes, a 10% lower risk of cardiovascular disease, and an 8% lower risk of cancer compared to people with the lowest diversity. People with the most diverse diets ate about seven different types of flavonoid-rich foods per day. The researchers noted that there are more than",53.52,None,No
Harvard Health,What is long QT syndrome?,Apple OpenELM-3B,"Long QT syndrome (LQTS) is a heart rhythm disorder that affects the electrical system of the heart. The electrical system coordinates the heart's contractions, ensuring that each heartbeat is synchronized with the next. Long QT syndrome occurs when the heart's electrical system takes longer than normal to recharge between heartbeats, resulting in an abnormally long pause (QT interval) on an electrocardiogram (ECG). This delay can disrupt the heart's normal rhythm, causing arrhythmias (irregular heartbeats) and sudden cardiac death. Acquired LQTS is more common than congenital LQTS, but its prevalence is unknown. Women taking certain medications, such as antipsychotics and antibiotics, appear to be at an increased risk. People with inherited LQTS have mutations in three genes, KCNQ3, SCN5A, and SCN4B, which encode proteins that function in the heart's electrical system. Inherited LQTS is usually diagnosed during childhood, but it can remain und",36.9,None,Yes
News-Medical,"Smarter timing of cancer treatments could improve cure rates, study suggests",Apple OpenELM-3B,"The study provides hope that smarter timing of cancer treatments could improve cure rates. Dr Robert Noble, Senior Lecturer at the Department of Mathematics, City, St George's, University of London, sought to tackle a major problem in cancer care. Dr Noble adapted mathematical methods more commonly used to understand how plants and animals evolve in response to environmental pressures, such as climate change, to predict how cancer cells might respond to evolutionary treatment strategies. Three small clinical trials are already underway in soft-tissue cancer, prostate cancer, and breast cancer. Further trials are in development. The study concludes that this innovative evolutionary treatment strategy generally outperforms the standard of care.",27.73,"Missing numbers, Too short (<120 words)",Yes
BBC,"Single vaccine could protect against all coughs, colds and flus, researchers say",FLAN-T5-Large,"The vaccine could be a ""major step forward"" in immunisation, experts say, but it is still a long way from being approved by the FDA for use in humans, the BBC understands from a report in the Journal of the American Medical Association (JAMA) that the vaccine is still in the early stages of clinical trials and needs to be approved for human use.",11.01,"Missing numbers, Too short (<120 words)",Yes
BBC,Hospital warns visitors about rising norovirus cases,FLAN-T5-Large,"A ward at a hospital in Suffolk has been closed to new admissions following a rise in cases of the winter vomiting bug, the BBC has been told. The ward has also been stepped up in cleaning to prevent the spread of winter illnesses, including norovirus, which can be spread by contact with infected people or surfaces, NHS Suffolk and North East Essex Integrated Care Board said.",47.83,"Missing numbers, Potential overconfident medical claim, Too short (<120 words)",Yes
Harvard Health,Eating diverse flavonoid foods may provide extra health protection,FLAN-T5-Large,"Eating a diverse range of high-flavonoid foods may offer even greater health benefits than getting flavonoids from a few sources, according to a study published June 2, 2025, by Nature Food. Flavonoids are compounds that give plants their vibrant colors. They include tea, blueberries, strawberries, oranges, apples, grapes, plums, red cabbage, red wine, and dark chocolate.",60.99,Too short (<120 words),Yes
Harvard Health,What is long QT syndrome?,FLAN-T5-Large,Know the symptoms of long QT syndrome. Know the risk factors. Learn about drug-induced and inherited forms of the syndrome. Find out if youâ€™re at risk for a congenital form of the condition. Ask your doctor about an exercise stress test (ECG) to determine whether you have inherited a form of a heart condition that causes a QT delay.,68.67,"Missing numbers, Missing named entities, Too short (<120 words)",Yes
News-Medical,"Smarter timing of cancer treatments could improve cure rates, study suggests",FLAN-T5-Large,"A new study provides hope that smarter timing of cancer treatments could improve cure rates. The study's Principal Investigator, Dr Robert Noble, Senior Lecturer at the Department of Mathematics, City, St George's, University of London, sought to tackle a major problem in cancer care. Although tumors may at first shrink under therapy, in many cases they eventually regrow. These relapses stem from a small number of cancer cells that have gained mutations making the cells resistant to the treatment.",41.15,"Missing numbers, Too short (<120 words)",Yes
